{
  "cameras": [
    {
      "extrinsic_in_base_link": {
        "position_m": [
          0.299999952316284,
          -0.100000001490116,
          0.0350000858306885
        ],
        "quaternion_xyzw": [
          0.0,
          -0.70710676908493,
          0.0,
          0.70710676908493
        ]
      },
      "frame_id": "front_left_optical",
      "height": 768,
      "image": "front_left.png",
      "intrinsics": {
        "D": [
          0,
          0,
          0,
          0,
          0
        ],
        "cx": 512.0,
        "cy": 384.0,
        "distortion_model": "plumb_bob",
        "fx": 679.570327764933,
        "fy": 679.570327764933,
        "model": "pinhole"
      },
      "name": "front_left",
      "pose_in_world": {
        "position_m": [
          2.85999989509583,
          0.0982906296849251,
          2.59500002861023
        ],
        "quaternion_xyzw": [
          0.0,
          -0.70710676908493,
          0.0,
          0.70710676908493
        ]
      },
      "width": 1024
    },
    {
      "extrinsic_in_base_link": {
        "position_m": [
          0.299999952316284,
          -0.100000001490116,
          -0.0350000858306885
        ],
        "quaternion_xyzw": [
          0.0,
          -0.70710676908493,
          0.0,
          0.70710676908493
        ]
      },
      "frame_id": "front_right_optical",
      "height": 768,
      "image": "front_right.png",
      "intrinsics": {
        "D": [
          0,
          0,
          0,
          0,
          0
        ],
        "cx": 512.0,
        "cy": 384.0,
        "distortion_model": "plumb_bob",
        "fx": 679.570327764933,
        "fy": 679.570327764933,
        "model": "pinhole"
      },
      "name": "front_right",
      "pose_in_world": {
        "position_m": [
          2.85999989509583,
          0.0982906296849251,
          2.52499985694885
        ],
        "quaternion_xyzw": [
          0.0,
          -0.70710676908493,
          0.0,
          0.70710676908493
        ]
      },
      "width": 1024
    },
    {
      "extrinsic_in_base_link": {
        "position_m": [
          -0.299999952316284,
          -0.100000001490116,
          0.0350000858306885
        ],
        "quaternion_xyzw": [
          0.0,
          0.70710676908493,
          0.0,
          0.70710676908493
        ]
      },
      "frame_id": "rear_left_optical",
      "height": 768,
      "image": "rear_left.png",
      "intrinsics": {
        "D": [
          0,
          0,
          0,
          0,
          0
        ],
        "cx": 512.0,
        "cy": 384.0,
        "distortion_model": "plumb_bob",
        "fx": 679.570327764933,
        "fy": 679.570327764933,
        "model": "pinhole"
      },
      "name": "rear_left",
      "pose_in_world": {
        "position_m": [
          2.25999999046326,
          0.0982906296849251,
          2.59500002861023
        ],
        "quaternion_xyzw": [
          0.0,
          0.70710676908493,
          0.0,
          0.70710676908493
        ]
      },
      "width": 1024
    },
    {
      "extrinsic_in_base_link": {
        "position_m": [
          -0.299999952316284,
          -0.100000001490116,
          -0.0350000858306885
        ],
        "quaternion_xyzw": [
          0.0,
          0.70710676908493,
          0.0,
          0.70710676908493
        ]
      },
      "frame_id": "rear_right_optical",
      "height": 768,
      "image": "rear_right.png",
      "intrinsics": {
        "D": [
          0,
          0,
          0,
          0,
          0
        ],
        "cx": 512.0,
        "cy": 384.0,
        "distortion_model": "plumb_bob",
        "fx": 679.570327764933,
        "fy": 679.570327764933,
        "model": "pinhole"
      },
      "name": "rear_right",
      "pose_in_world": {
        "position_m": [
          2.25999999046326,
          0.0982906296849251,
          2.52499985694885
        ],
        "quaternion_xyzw": [
          0.0,
          0.70710676908493,
          0.0,
          0.70710676908493
        ]
      },
      "width": 1024
    },
    {
      "extrinsic_in_base_link": {
        "position_m": [
          0.0,
          -0.0499999970197678,
          0.285000085830688
        ],
        "quaternion_xyzw": [
          0.0,
          1.0,
          0.0,
          0.0
        ]
      },
      "frame_id": "left_mono_optical",
      "height": 768,
      "image": "left_mono.png",
      "intrinsics": {
        "D": [
          0,
          0,
          0,
          0,
          0
        ],
        "cx": 512.0,
        "cy": 384.0,
        "distortion_model": "plumb_bob",
        "fx": 679.570327764933,
        "fy": 679.570327764933,
        "model": "pinhole"
      },
      "name": "left_mono",
      "pose_in_world": {
        "position_m": [
          2.55999994277954,
          0.148290634155273,
          2.84500002861023
        ],
        "quaternion_xyzw": [
          0.0,
          1.0,
          0.0,
          0.0
        ]
      },
      "width": 1024
    },
    {
      "extrinsic_in_base_link": {
        "position_m": [
          0.0,
          -0.0499999970197678,
          -0.285000085830688
        ],
        "quaternion_xyzw": [
          0.0,
          0.0,
          0.0,
          1.0
        ]
      },
      "frame_id": "right_mono_optical",
      "height": 768,
      "image": "right_mono.png",
      "intrinsics": {
        "D": [
          0,
          0,
          0,
          0,
          0
        ],
        "cx": 512.0,
        "cy": 384.0,
        "distortion_model": "plumb_bob",
        "fx": 679.570327764933,
        "fy": 679.570327764933,
        "model": "pinhole"
      },
      "name": "right_mono",
      "pose_in_world": {
        "position_m": [
          2.55999994277954,
          0.148290634155273,
          2.27499985694885
        ],
        "quaternion_xyzw": [
          0.0,
          0.0,
          0.0,
          1.0
        ]
      },
      "width": 1024
    },
    {
      "extrinsic_in_base_link": {
        "position_m": [
          0.0999999046325684,
          0.180000022053719,
          0.0
        ],
        "quaternion_xyzw": [
          -0.358593314886093,
          -0.609434843063354,
          -0.358593314886093,
          0.609434843063354
        ]
      },
      "frame_id": "drum_front_cam_optical",
      "height": 768,
      "image": "drum_front_cam.png",
      "intrinsics": {
        "D": [
          0,
          0,
          0,
          0,
          0
        ],
        "cx": 512.0,
        "cy": 384.0,
        "distortion_model": "plumb_bob",
        "fx": 679.570327764933,
        "fy": 679.570327764933,
        "model": "pinhole"
      },
      "name": "drum_front_cam",
      "pose_in_world": {
        "position_m": [
          2.65999984741211,
          0.37829065322876,
          2.55999994277954
        ],
        "quaternion_xyzw": [
          -0.358593314886093,
          -0.609434843063354,
          -0.358593314886093,
          0.609434843063354
        ]
      },
      "width": 1024
    },
    {
      "extrinsic_in_base_link": {
        "position_m": [
          -0.0999999046325684,
          0.180000022053719,
          0.0
        ],
        "quaternion_xyzw": [
          -0.358593314886093,
          0.609434843063354,
          0.358593314886093,
          0.609434843063354
        ]
      },
      "frame_id": "drum_back_cam_optical",
      "height": 768,
      "image": "drum_back_cam.png",
      "intrinsics": {
        "D": [
          0,
          0,
          0,
          0,
          0
        ],
        "cx": 512.0,
        "cy": 384.0,
        "distortion_model": "plumb_bob",
        "fx": 679.570327764933,
        "fy": 679.570327764933,
        "model": "pinhole"
      },
      "name": "drum_back_cam",
      "pose_in_world": {
        "position_m": [
          2.46000003814697,
          0.37829065322876,
          2.55999994277954
        ],